{
  //rhp  
  "$ui_alpha": 0.75,   //漏网之鱼与界面整体不透明度，关闭透明UI调为1，不建议高于0.75
  "$ui_control_alpha": 0.25,   //大部分控件不透明度=（$ui_control_alpha÷$ui_alpha），关闭透明UI调为1，不建议高于0.75
  "$control_color": [255,255,255],   //如果关闭透明UI务必将此项的‘255,255,255’删掉（只留下两个中括号）
  //以下内容不建议修改
  "$light_button_default_text_color": [ 0, 0, 0 ],
  "$light_button_hover_text_color": [ 1.0, 1.0, 1.0 ],
  "$light_button_pressed_text_color": [ 1.0, 1.0, 1.0 ],
  "$light_button_locked_text_color": [ 0.7, 0.7, 0.7 ],
  "$title_text_color": [ 0, 0, 0 ],
  "$pocket_title_text_color": [ 0, 0, 0 ],
  "$light_toggle_default_text_color": [ 0, 0, 0 ],
  "$light_toggle_hover_text_color": [ 1.0, 1.0, 1.0 ],
  "$light_toggle_checked_default_text_color": [ 1.0, 1.0, 1.0 ],
  "$light_toggle_checked_hover_text_color": [ 0.7, 0.7, 0.7 ],
  "$light_glyph_default_color": [ 0.7, 0.7, 0.7 ],
  "$light_glyph_hover_color": [ 1.0, 1.0, 1.0 ],
  "$light_glyph_pressed_color": [ 1.0, 1.0, 1.0 ],
  "$light_glyph_locked_color": [ 0.7, 0.7, 0.7 ]
}

