{
    "resource_pack_name": "红石大杂烩材质包",
    "texture_name": "atlas.terrain",
    "padding": 8,
    "num_mip_levels": 4,
    "texture_data": {
        "flowing_water_grey": {
            "quad": 1,
            "textures": "textures/blocks/water_flow_grey"
        },
        "hopper_inside": {
            "textures": [
                "textures/blocks/hopper_inside_up",
                "textures/blocks/hopper_inside_up",
                "textures/blocks/hopper_inside_south",
                "textures/blocks/hopper_inside_north",
                "textures/blocks/hopper_inside_west",
                "textures/blocks/hopper_inside_east",
                "textures/blocks/hopper_inside_up",
                "textures/blocks/hopper_inside_up_lit",
                "textures/blocks/hopper_inside_up_lit",
                "textures/blocks/hopper_inside_up_lit",
                "textures/blocks/hopper_inside_south_lit",
                "textures/blocks/hopper_inside_north_lit",
                "textures/blocks/hopper_inside_west_lit",
                "textures/blocks/hopper_inside_east_lit"
            ]
        },
        "hopper_top": {
            "textures": [
                "textures/blocks/hopper_top_up",
                "textures/blocks/hopper_top_up",
                "textures/blocks/hopper_top_north",
                "textures/blocks/hopper_top_south",
                "textures/blocks/hopper_top_west",
                "textures/blocks/hopper_top_east",
                "textures/blocks/hopper_top_up",
                "textures/blocks/hopper_top_up_lit",
                "textures/blocks/hopper_top_up_lit",
                "textures/blocks/hopper_top_up_lit",
                "textures/blocks/hopper_top_north_lit",
                "textures/blocks/hopper_top_south_lit",
                "textures/blocks/hopper_top_west_lit",
                "textures/blocks/hopper_top_east_lit"
            ]
        },
        "hopper_outside_north": {
            "textures": [
                "textures/blocks/hopper_outside_side_up",
                "textures/blocks/hopper_outside_side_up",
                "textures/blocks/hopper_outside_front",
                "textures/blocks/hopper_outside_behind",
                "textures/blocks/hopper_outside_side_forward",
                "textures/blocks/hopper_outside_side_back",
                "textures/blocks/hopper_outside_side_up",
                "textures/blocks/hopper_outside_side_up_lit",
                "textures/blocks/hopper_outside_side_up_lit",
                "textures/blocks/hopper_outside_side_up_lit",
                "textures/blocks/hopper_outside_front_lit",
                "textures/blocks/hopper_outside_behind_lit",
                "textures/blocks/hopper_outside_side_forward_lit",
                "textures/blocks/hopper_outside_side_back_lit"
            ]
        },
        "hopper_outside_south": {
            "textures": [
                "textures/blocks/hopper_outside_side_up",
                "textures/blocks/hopper_outside_side_up",
                "textures/blocks/hopper_outside_behind",
                "textures/blocks/hopper_outside_front",
                "textures/blocks/hopper_outside_side_back",
                "textures/blocks/hopper_outside_side_forward",
                "textures/blocks/hopper_outside_side_up",
                "textures/blocks/hopper_outside_side_up_lit",
                "textures/blocks/hopper_outside_side_up_lit",
                "textures/blocks/hopper_outside_side_up_lit",
                "textures/blocks/hopper_outside_behind_lit",
                "textures/blocks/hopper_outside_front_lit",
                "textures/blocks/hopper_outside_side_back_lit",
                "textures/blocks/hopper_outside_side_forward_lit"
            ]
        },
        "hopper_outside_west": {
            "textures": [
                "textures/blocks/hopper_outside_side_up",
                "textures/blocks/hopper_outside_side_up",
                "textures/blocks/hopper_outside_side_back",
                "textures/blocks/hopper_outside_side_forward",
                "textures/blocks/hopper_outside_front",
                "textures/blocks/hopper_outside_behind",
                "textures/blocks/hopper_outside_side_up",
                "textures/blocks/hopper_outside_side_up_lit",
                "textures/blocks/hopper_outside_side_up_lit",
                "textures/blocks/hopper_outside_side_up_lit",
                "textures/blocks/hopper_outside_side_back_lit",
                "textures/blocks/hopper_outside_side_forward_lit",
                "textures/blocks/hopper_outside_front_lit",
                "textures/blocks/hopper_outside_behind_lit"
            ]
        },
        "hopper_outside_east": {
            "textures": [
                "textures/blocks/hopper_outside_side_up",
                "textures/blocks/hopper_outside_side_up",
                "textures/blocks/hopper_outside_side_forward",
                "textures/blocks/hopper_outside_side_back",
                "textures/blocks/hopper_outside_behind",
                "textures/blocks/hopper_outside_front",
                "textures/blocks/hopper_outside_side_up",
                "textures/blocks/hopper_outside_side_up_lit",
                "textures/blocks/hopper_outside_side_up_lit",
                "textures/blocks/hopper_outside_side_up_lit",
                "textures/blocks/hopper_outside_side_forward_lit",
                "textures/blocks/hopper_outside_side_back_lit",
                "textures/blocks/hopper_outside_behind_lit",
                "textures/blocks/hopper_outside_front_lit"
            ]
        },
        "furnace": {
            "textures": [
                "textures/blocks/furnace_front_off",
                "textures/blocks/furnace_front_on",
                "textures/blocks/furnace_side_off",
                "textures/blocks/furnace_top_off"
            ]
        },
        "furnace_front": {
            "textures": [
                "textures/blocks/furnace_front_off",
                "textures/blocks/furnace_front_on"
            ]
        },
        "furnace_front_off": {
            "textures": "textures/blocks/furnace_front_off"
        },
        "furnace_front_on": {
            "textures": "textures/blocks/furnace_front_on"
        },
        "furnace_top": {
            "textures": [
                "textures/blocks/furnace_top_off",
                "textures/blocks/furnace_top_on"
            ]
        },
        "furnace_top_off": {
            "textures": "textures/blocks/furnace_top_off"
        },
        "furnace_top_on": {
            "textures": "textures/blocks/furnace_top_on"
        },
        "furnace_side": {
            "textures": [
                "textures/blocks/furnace_side_off",
                "textures/blocks/furnace_side_on"
            ]
        },
        "furnace_side_off": {
            "textures": "textures/blocks/furnace_side_off"
        },
        "furnace_side_on": {
            "textures": "textures/blocks/furnace_side_on"
        },
        "blast_furnace": {
            "textures": [
                "textures/blocks/blast_furnace_front_off",
                "textures/blocks/blast_furnace_front_on",
                "textures/blocks/blast_furnace_side_off",
                "textures/blocks/blast_furnace_top_off"
            ]
        },
        "blast_furnace_front": {
            "textures": [
                "textures/blocks/blast_furnace_front_off",
                "textures/blocks/blast_furnace_front_on"
            ]
        },
        "blast_furnace_front_off": {
            "textures": "textures/blocks/blast_furnace_front_off"
        },
        "blast_furnace_front_on": {
            "textures": "textures/blocks/blast_furnace_front_on"
        },
        "blast_furnace_top": {
            "textures": [
                "textures/blocks/blast_furnace_top_off",
                "textures/blocks/blast_furnace_top_on"
            ]
        },
        "blast_furnace_top_off": {
            "textures": "textures/blocks/blast_furnace_top_off"
        },
        "blast_furnace_top_on": {
            "textures": "textures/blocks/blast_furnace_top_on"
        },
        "blast_furnace_side": {
            "textures": [
                "textures/blocks/blast_furnace_side_off",
                "textures/blocks/blast_furnace_side_on"
            ]
        },
        "blast_furnace_side_off": {
            "textures": "textures/blocks/blast_furnace_side_off"
        },
        "blast_furnace_side_on": {
            "textures": "textures/blocks/blast_furnace_side_on"
        },
        "smoker": {
            "textures": [
                "textures/blocks/smoker_front_off",
                "textures/blocks/smoker_front_on",
                "textures/blocks/smoker_side_off",
                "textures/blocks/smoker_top_off"
            ]
        },
        "smoker_front": {
            "textures": [
                "textures/blocks/smoker_front_off",
                "textures/blocks/smoker_front_on"
            ]
        },
        "smoker_front_off": {
            "textures": "textures/blocks/smoker_front_off"
        },
        "smoker_front_on": {
            "textures": "textures/blocks/smoker_front_on"
        },
        "smoker_top": {
            "textures": [
                "textures/blocks/smoker_top_off",
                "textures/blocks/smoker_top_on"
            ]
        },
        "smoker_top_off": {
            "textures": "textures/blocks/smoker_top_off"
        },
        "smoker_top_on": {
            "textures": "textures/blocks/smoker_top_on"
        },
        "smoker_side": {
            "textures": [
                "textures/blocks/smoker_side_off",
                "textures/blocks/smoker_side_on"
            ]
        },
        "smoker_side_off": {
            "textures": "textures/blocks/smoker_side_off"
        },
        "smoker_side_on": {
            "textures": "textures/blocks/smoker_side_on"
        },
        "observer_north": {
            "textures": [
                "textures/blocks/observer_front",
                "textures/blocks/observer_front_lit"
            ]
        },
        "observer_south": {
            "textures": [
                "textures/blocks/observer_back",
                "textures/blocks/observer_back_lit"
            ]
        },
        "observer_east": {
            "textures": [
                "textures/blocks/observer_side",
                "textures/blocks/observer_side_lit"
            ]
        },
        "observer_west": {
            "textures": [
                "textures/blocks/observer_side",
                "textures/blocks/observer_side_lit"
            ]
        },
        "observer_top": {
            "textures": [
                "textures/blocks/observer_top",
                "textures/blocks/observer_top_lit"
            ]
        },
        "observer_bottom": {
            "textures": [
                "textures/blocks/observer_top",
                "textures/blocks/observer_top_lit"
            ]
        },
        "trapped_chest_inventory_top": {
            "textures": "textures/blocks/trapped_chest_inventory_top"
        },
        "trapped_chest_inventory_side": {
            "textures": "textures/blocks/trapped_chest_inventory_side"
        },
        "trapped_chest_inventory_front": {
            "textures": "textures/blocks/trapped_chest_inventory_front"
        },
        "daylight_detector_side": {
            "textures": [
                "textures/blocks/daylight_detector_side",
                "textures/blocks/daylight_detector_inverted_side"
            ]
        },
        "daylight_detector_top": {
            "textures": [
                "textures/blocks/daylight_detector_top",
                "textures/blocks/daylight_detector_inverted_top"
            ]
        },
        "piston_bottom_sticky": {
            "textures": "textures/blocks/piston_bottom_sticky"
        },
        "monster_egg": {
            "textures": [
                "textures/blocks/cobblestone_monster",
                "textures/blocks/stonebrick_monster",
                "textures/blocks/stonebrick_mossy_monster",
                "textures/blocks/stonebrick_cracked_monster",
                "textures/blocks/stonebrick_carved_monster",
                "textures/blocks/stone_monster"
            ]
        },
        "lever_particle": {
            "textures": "textures/blocks/lever_particle"
        },
        "dispenser_side": {
            "textures": "textures/blocks/dispenser_side"
        },
        "dispenser_top": {
            "textures": "textures/blocks/dispenser_top"
        },
        "dropper_side": {
            "textures": "textures/blocks/dropper_side"
        },
        "dropper_top": {
            "textures": "textures/blocks/dropper_top"
        },
        "bee_nest_top": {
            "textures": [
                "textures/blocks/bee_nest_top",
                "textures/blocks/bee_nest_top_honey"
            ]
        },
        "bee_nest_front": {
            "textures": [
                "textures/blocks/bee_nest_front",
                "textures/blocks/bee_nest_front_honey"
            ]
        },
        "bee_nest_side": {
            "textures": [
                "textures/blocks/bee_nest_side",
                "textures/blocks/bee_nest_side_honey"
            ]
        },
        "bee_nest_bottom": {
            "textures": [
                "textures/blocks/bee_nest_bottom",
                "textures/blocks/bee_nest_bottom_honey"
            ]
        },
        "beehive_top": {
            "textures": [
                "textures/blocks/beehive_top",
                "textures/blocks/beehive_top_honey"
            ]
        },
        "beehive_side": {
            "textures": [
                "textures/blocks/beehive_side",
                "textures/blocks/beehive_side_honey"
            ]
        },
        "beehive_front": {
            "textures": [
                "textures/blocks/beehive_front",
                "textures/blocks/beehive_front_honey"
            ]
        },
        "beehive_bottom": {
            "textures": [
                "textures/blocks/beehive_bottom",
                "textures/blocks/beehive_bottom_honey"
            ]
        },
        "respawn_anchor_bottom": {
            "textures": [
                "textures/blocks/respawn_anchor_bottom_0",
                "textures/blocks/respawn_anchor_bottom_1",
                "textures/blocks/respawn_anchor_bottom_2",
                "textures/blocks/respawn_anchor_bottom_3",
                "textures/blocks/respawn_anchor_bottom_4"
            ]
        },
        "respawn_anchor_top": {
            "textures": [
                "textures/blocks/respawn_anchor_top_0",
                "textures/blocks/respawn_anchor_top_1",
                "textures/blocks/respawn_anchor_top_2",
                "textures/blocks/respawn_anchor_top_3",
                "textures/blocks/respawn_anchor_top_4"
            ]
        },
        "fletching_table_bottom": {
            "textures": "textures/blocks/fletching_table_bottom"
        },
        "lectern_bottom": {
            "textures": "textures/blocks/lectern_bottom"
        },
        "crafting_table_bottom": {
            "textures": "textures/blocks/crafting_table_bottom"
        },
        "cartography_table_bottom": {
            "textures": "textures/blocks/cartography_table_bottom"
        },
        "endframe_bottom": {
            "textures": "textures/blocks/endframe_bottom"
        },
        "enchanting_table_bottom": {
            "textures": "textures/blocks/enchanting_table_bottom"
        },
        "enchanting_table_side": {
            "textures": "textures/blocks/enchanting_table_side"
        },
        "enchanting_table_top": {
            "textures": "textures/blocks/enchanting_table_top"
        },
        "bookshelf_top": {
            "textures": "textures/blocks/bookshelf_top"
        },
        "pumpkin_face_off": {
            "textures": "textures/blocks/pumpkin_face_off"
        },
        "pumpkin_off_side": {
            "textures": "textures/blocks/pumpkin_off_side"
        },
        "pumpkin_on": {
            "textures": "textures/blocks/pumpkin_on"
        },
        "pumpkin_on_side": {
            "textures": "textures/blocks/pumpkin_on_side"
        },
        "pumpkin_face_on": {
            "textures": "textures/blocks/pumpkin_face_on"
        },
        "pumpkin_off": {
            "textures": "textures/blocks/pumpkin_off"
        }
    }
}