{
    "format_version": [
        1,
        2,
        0
    ],
    "pumpkin": {
        "textures": {
            "up": "pumpkin_off",
            "down": "pumpkin_off",
            "north": "pumpkin_off_side",
            "south": "pumpkin_face",
            "west": "pumpkin_off_side",
            "east": "pumpkin_off_side"
        },
        "sound": "wood"
    },
    "carved_pumpkin": {
        "textures": {
            "up": "pumpkin_off",
            "down": "pumpkin_off",
            "north": "pumpkin_off_side",
            "south": "pumpkin_face_off",
            "west": "pumpkin_off_side",
            "east": "pumpkin_off_side"
        },
        "sound": "wood"
    },
    "lit_pumpkin": {
        "textures": {
            "up": "pumpkin_on",
            "down": "pumpkin_on",
            "north": "pumpkin_on_side",
            "south": "pumpkin_face_on",
            "west": "pumpkin_on_side",
            "east": "pumpkin_on_side"
        },
        "sound": "wood"
    },
    "hopper": {
        "textures": {
            "up": "hopper_top",
            "down": "hopper_inside",
            "north": "hopper_outside_north",
            "south": "hopper_outside_south",
            "west": "hopper_outside_west",
            "east": "hopper_outside_east"
        },
        "sound": "metal"
    },
    "furnace": {
        "textures": {
            "up": "furnace_top",
            "down": "furnace_top",
            "north": "furnace_side",
            "south": "furnace_front_off",
            "west": "furnace_side",
            "east": "furnace_side"
        },
        "sound": "stone"
    },
    "lit_furnace": {
        "textures": {
            "up": "furnace_top_on",
            "down": "furnace_top_on",
            "north": "furnace_side_on",
            "south": "furnace_side_on",
            "west": "furnace_side_on",
            "east": "furnace_front_on"
        },
        "sound": "stone"
    },
    "blast_furnace": {
        "textures": {
            "up": "blast_furnace_top",
            "down": "blast_furnace_top",
            "north": "blast_furnace_side",
            "south": "blast_furnace_front_off",
            "west": "blast_furnace_side",
            "east": "blast_furnace_side"
        },
        "sound": "stone"
    },
    "lit_blast_furnace": {
        "textures": {
            "up": "blast_furnace_top_on",
            "down": "blast_furnace_top_on",
            "north": "blast_furnace_side_on",
            "south": "blast_furnace_side_on",
            "west": "blast_furnace_side_on",
            "east": "blast_furnace_front_on"
        },
        "sound": "stone"
    },
    "smoker": {
        "textures": {
            "up": "smoker_top",
            "down": "smoker_top",
            "north": "smoker_side",
            "south": "smoker_front_off",
            "west": "smoker_side",
            "east": "smoker_side"
        },
        "sound": "stone"
    },
    "lit_smoker": {
        "textures": {
            "up": "smoker_top_on",
            "down": "smoker_top_on",
            "north": "smoker_side_on",
            "south": "smoker_side_on",
            "west": "smoker_side_on",
            "east": "smoker_front_on"
        },
        "sound": "stone"
    },
    "observer": {
        "textures": {
            "up": "observer_top",
            "down": "observer_bottom",
            "north": "observer_north",
            "south": "observer_south",
            "west": "observer_west",
            "east": "observer_east"
        },
        "sound": "metal"
    },
    "trapped_chest": {
        "textures": {
            "up": "trapped_chest_inventory_top",
            "down": "trapped_chest_inventory_top",
            "north": "trapped_chest_inventory_side",
            "south": "trapped_chest_inventory_front",
            "west": "trapped_chest_inventory_side",
            "east": "trapped_chest_inventory_side"
        },
        "sound": "wood"
    },
    "stone_slab": {
        "textures": {
            "up": "stone_slab_top",
            "down": "stone_slab_bottom",
            "side": "stone_slab_side"
        },
        "sound": "stone"
    },
    "double_wooden_slab": {
        "textures": {
            "up": "wooden_slab",
            "down": "wooden_slab",
            "side": "wooden_slab"
        },
        "sound": "wood"
    },
    "wooden_slab": {
        "textures": {
            "up": "wooden_slab",
            "down": "wooden_slab",
            "side": "wooden_slab"
        },
        "sound": "wood"
    },
    "double_stone_slab2": {
        "textures": {
            "up": "stone_slab_top_2",
            "down": "stone_slab_bottom_2",
            "side": "stone_slab_side_2"
        },
        "sound": "stone"
    },
    "stone_slab2": {
        "textures": {
            "up": "stone_slab_top_2",
            "down": "stone_slab_bottom_2",
            "side": "stone_slab_side_2"
        },
        "sound": "stone"
    },
    "double_stone_slab3": {
        "textures": {
            "up": "stone_slab_top_3",
            "down": "stone_slab_top_3",
            "side": "stone_slab_side_3"
        },
        "sound": "stone"
    },
    "stone_slab3": {
        "textures": {
            "up": "stone_slab_top_3",
            "down": "stone_slab_top_3",
            "side": "stone_slab_side_3"
        },
        "sound": "stone"
    },
    "double_stone_slab4": {
        "textures": {
            "up": "stone_slab_top_4",
            "down": "stone_slab_top_4",
            "side": "stone_slab_side_4"
        },
        "sound": "stone"
    },
    "stone_slab4": {
        "textures": {
            "up": "stone_slab_top_4",
            "down": "stone_slab_top_4",
            "side": "stone_slab_side_4"
        },
        "sound": "stone"
    },
    "sticky_piston": {
        "textures": {
            "up": "piston_top",
            "down": "piston_bottom_sticky",
            "side": "piston_side"
        },
        "carried_textures": {
            "up": "piston_top_sticky",
            "down": "piston_bottom_sticky",
            "side": "piston_side"
        },
        "sound": "stone"
    },
    "anvil": {
        "textures": {
            "up": "anvil_top_damaged_x",
            "down": "anvil_base",
            "side": "anvil_side"
        },
        "sound": "anvil"
    },
    "mangrove_trapdoor": {
      "textures": {
        "up": "mangrove_trapdoor_off",
        "down": "mangrove_trapdoor_off",
        "side": "mangrove_trapdoor_on"}
    },
    "trapdoor": {
        "textures": {
            "up": "trapdoor_off",
            "down": "trapdoor_off",
            "side": "trapdoor_on"
        },
        "sound": "wood"
    },
    "acacia_trapdoor": {
        "textures": {
            "up": "acacia_trapdoor_off",
            "down": "acacia_trapdoor_off",
            "side": "acacia_trapdoor_on"
        },
        "sound": "wood"
    },
    "birch_trapdoor": {
        "textures": {
            "up": "birch_trapdoor_off",
            "down": "birch_trapdoor_off",
            "side": "birch_trapdoor_on"
        },
        "sound": "wood"
    },
    "dark_oak_trapdoor": {
        "textures": {
            "up": "dark_oak_trapdoor_off",
            "down": "dark_oak_trapdoor_off",
            "side": "dark_oak_trapdoor_on"
        },
        "sound": "wood"
    },
    "jungle_trapdoor": {
        "textures": {
            "up": "jungle_trapdoor_off",
            "down": "jungle_trapdoor_off",
            "side": "jungle_trapdoor_on"
        },
        "sound": "wood"
    },
    "spruce_trapdoor": {
        "textures": {
            "up": "spruce_trapdoor_off",
            "down": "spruce_trapdoor_off",
            "side": "spruce_trapdoor_on"
        },
        "sound": "wood"
    },
    "iron_trapdoor": {
        "textures": {
            "up": "iron_trapdoor_off",
            "down": "iron_trapdoor_off",
            "side": "iron_trapdoor_on"
        },
        "sound": "metal"
    },
    "crimson_trapdoor": {
        "textures": {
            "up": "crimson_trapdoor_off",
            "down": "crimson_trapdoor_off",
            "side": "crimson_trapdoor_on"
        },
        "sound": "stem"
    },
    "warped_trapdoor": {
        "textures": {
            "up": "warped_trapdoor_off",
            "down": "warped_trapdoor_off",
            "side": "warped_trapdoor_on"
        },
        "sound": "stem"
    },
    "bee_nest": {
        "textures": {
            "up": "bee_nest_top",
            "down": "bee_nest_bottom",
            "north": "bee_nest_side",
            "south": "bee_nest_front",
            "west": "bee_nest_side",
            "east": "bee_nest_side"
        }
    },
    "beehive": {
        "textures": {
            "up": "beehive_top",
            "down": "beehive_bottom",
            "north": "beehive_side",
            "south": "beehive_front",
            "west": "beehive_side",
            "east": "beehive_side"
        }
    },
    "crimson_double_slab": {
        "textures": {
            "up": "crimson_slab",
            "down": "crimson_slab",
            "side": "crimson_slab"
        },
        "sound": "stem"
    },
    "crimson_slab": {
        "textures": {
            "up": "crimson_slab",
            "down": "crimson_slab",
            "side": "crimson_slab"
        },
        "sound": "stem"
    },
    "warped_double_slab": {
        "textures": {
            "up": "warped_slab",
            "down": "warped_slab",
            "side": "warped_slab"
        },
        "sound": "stem"
    },
    "warped_slab": {
        "textures": {
            "up": "warped_slab",
            "down": "warped_slab",
            "side": "warped_slab"
        },
        "sound": "stem"
    },
    "blackstone_double_slab": {
        "textures": {
            "up": "blackstone_slab",
            "down": "blackstone_slab",
            "side": "blackstone_slab"
        },
        "sound": "stone"
    },
    "blackstone_slab": {
        "textures": {
            "up": "blackstone_slab",
            "down": "blackstone_slab",
            "side": "blackstone_slab"
        },
        "sound": "stone"
    },
    "polished_blackstone_double_slab": {
        "textures": {
            "up": "polished_blackstone_slab",
            "down": "polished_blackstone_slab",
            "side": "polished_blackstone_slab"
        },
        "sound": "stone"
    },
    "polished_blackstone_slab": {
        "textures": {
            "up": "polished_blackstone_slab",
            "down": "polished_blackstone_slab",
            "side": "polished_blackstone_slab"
        },
        "sound": "stone"
    },
    "polished_blackstone_brick_double_slab": {
        "textures": {
            "up": "polished_blackstone_bricks_slab",
            "down": "polished_blackstone_bricks_slab",
            "side": "polished_blackstone_bricks_slab"
        },
        "sound": "stone"
    },
    "polished_blackstone_brick_slab": {
        "textures": {
            "up": "polished_blackstone_bricks_slab",
            "down": "polished_blackstone_bricks_slab",
            "side": "polished_blackstone_bricks_slab"
        },
        "sound": "stone"
    },
    "respawn_anchor": {
        "textures": {
            "down": "respawn_anchor_bottom",
            "up": "respawn_anchor_top",
            "north": "respawn_anchor_side",
            "east": "respawn_anchor_side",
            "south": "respawn_anchor_side",
            "west": "respawn_anchor_side"
        },
        "sound": "metal"
    },
    "fletching_table": {
        "textures": {
            "up": "fletching_table_top",
            "down": "fletching_table_bottom",
            "north": "fletching_table_side1",
            "south": "fletching_table_side1",
            "east": "fletching_table_side2",
            "west": "fletching_table_side2"
        },
        "sound": "wood"
    },
  "infested_deepslate": {
    "isotropic": {
      "up": true,
      "down": true
    },
    "textures": {
      "up": "deepslate_top_infested",
      "down": "deepslate_top_infested",
      "side": "deepslate_infested"
    },
    "sound": "deepslate"
  },
  
  "waxed_copper": {
    "isotropic": false,
    "textures": "waxed_copper_block",
    "sound": "copper"
  },
  "waxed_exposed_copper": {
    "isotropic": false,
    "textures": "waxed_exposed_copper",
    "sound": "copper"
  },
  "waxed_weathered_copper": {
    "isotropic": false,
    "textures": "waxed_weathered_copper",
    "sound": "copper"
  },
  "waxed_oxidized_copper": {
    "isotropic": false,
    "textures": "waxed_oxidized_copper",
    "sound": "copper"
  },

  "waxed_cut_copper": {
    "isotropic": false,
    "textures": "waxed_cut_copper",
    "sound": "copper"
  },
  "waxed_exposed_cut_copper": {
    "isotropic": false,
    "textures": "waxed_exposed_cut_copper",
    "sound": "copper"
  },
  "waxed_weathered_cut_copper": {
    "isotropic": false,
    "textures": "waxed_weathered_cut_copper",
    "sound": "copper"
  },
  "waxed_oxidized_cut_copper": {
    "isotropic": false,
    "textures": "waxed_oxidized_cut_copper",
    "sound": "copper"
  },

  "cut_copper_slab": {
    "isotropic": false,
    "textures": "cut_copper_slab",
    "sound": "copper"
  },
  "exposed_cut_copper_slab": {
    "isotropic": false,
    "textures": "exposed_cut_copper_slab",
    "sound": "copper"
  },
  "weathered_cut_copper_slab": {
    "isotropic": false,
    "textures": "weathered_cut_copper_slab",
    "sound": "copper"
  },
  "oxidized_cut_copper_slab": {
    "isotropic": false,
    "textures": "oxidized_cut_copper_slab",
    "sound": "copper"
  },

  "waxed_cut_copper_slab": {
    "isotropic": false,
    "textures": "waxed_cut_copper_slab",
    "sound": "copper"
  },
  "waxed_exposed_cut_copper_slab": {
    "isotropic": false,
    "textures": "waxed_exposed_cut_copper_slab",
    "sound": "copper"
  },
  "waxed_weathered_cut_copper_slab": {
    "isotropic": false,
    "textures": "waxed_weathered_cut_copper_slab",
    "sound": "copper"
  },
  "waxed_oxidized_cut_copper_slab": {
    "isotropic": false,
    "textures": "waxed_oxidized_cut_copper_slab",
    "sound": "copper"
  },

  "double_cut_copper_slab": {
    "isotropic": false,
    "textures": "cut_copper_slab",
    "sound": "copper"
  },
  "exposed_double_cut_copper_slab": {
    "isotropic": false,
    "textures": "exposed_cut_copper_slab",
    "sound": "copper"
  },
  "weathered_double_cut_copper_slab": {
    "isotropic": false,
    "textures": "weathered_cut_copper_slab",
    "sound": "copper"
  },
  "oxidized_double_cut_copper_slab": {
    "isotropic": false,
    "textures": "oxidized_cut_copper_slab",
    "sound": "copper"
  },
  "waxed_double_cut_copper_slab": {
    "isotropic": false,
    "textures": "waxed_cut_copper_slab",
    "sound": "copper"
  },
  "waxed_exposed_double_cut_copper_slab": {
    "isotropic": false,
    "textures": "waxed_exposed_cut_copper_slab",
    "sound": "copper"
  },
  "waxed_weathered_double_cut_copper_slab": {
    "isotropic": false,
    "textures": "waxed_weathered_cut_copper_slab",
    "sound": "copper"
  },
  "waxed_oxidized_double_cut_copper_slab": {
    "isotropic": false,
    "textures": "waxed_oxidized_cut_copper_slab",
    "sound": "copper"
  },

  "cobbled_deepslate_slab": {
    "isotropic": false,
    "textures": "cobbled_deepslate_slab",
    "sound": "deepslate"
  },
  "cobbled_deepslate_double_slab": {
    "isotropic": false,
    "textures": "cobbled_deepslate_slab",
    "sound": "deepslate"
  },
  "polished_deepslate_slab": {
    "isotropic": false,
    "textures": "polished_deepslate_slab",
    "sound": "deepslate"
  },
  "polished_deepslate_double_slab": {
    "isotropic": false,
    "textures": "polished_deepslate_slab",
    "sound": "deepslate"
  },
  "deepslate_tile_slab": {
    "isotropic": false,
    "textures": "deepslate_tiles_slab",
    "sound": "deepslate_bricks"
  },
  "deepslate_tile_double_slab": {
    "isotropic": false,
    "textures": "deepslate_tiles_slab",
    "sound": "deepslate_bricks"
  },
  "deepslate_brick_slab": {
    "isotropic": false,
    "textures": "deepslate_bricks_slab",
    "sound": "deepslate_bricks"
  },
  "deepslate_brick_double_slab": {
    "isotropic": false,
    "textures": "deepslate_bricks_slab",
    "sound": "deepslate_bricks"
  },
  "mangrove_slab": {
    "textures": "mangrove_planks_slab",
    "sound": "wood"
  },
  "mangrove_double_slab": {
    "textures": "mangrove_planks_slab",
    "sound": "wood"
  },
  "mud_brick_slab": {
    "isotropic": false,
    "textures": "mud_bricks_slab",
    "sound": "mud_bricks"
  },
  "mud_brick_double_slab": {
    "isotropic": false,
    "textures": "mud_bricks_slab",
    "sound": "mud_bricks"
  }
}