[
    {
        "flipbook_texture": "textures/blocks/anvil_top_damaged_0",
        "atlas_tile": "anvil_top_damaged_x",
        "atlas_index": 0,
        "atlas_tile_variant": 0,
        "ticks_per_frame": 5
    },
    {
        "flipbook_texture": "textures/blocks/anvil_top_damaged_1",
        "atlas_tile": "anvil_top_damaged_x",
        "atlas_index": 1,
        "atlas_tile_variant": 1,
        "ticks_per_frame": 5
    },
    {
        "flipbook_texture": "textures/blocks/anvil_top_damaged_2",
        "atlas_tile": "anvil_top_damaged_x",
        "atlas_index": 2,
        "atlas_tile_variant": 2,
        "ticks_per_frame": 5
    },
    {
        "flipbook_texture": "textures/blocks/respawn_anchor_top_1",
        "atlas_tile": "respawn_anchor_top",
        "atlas_index": 1,
        "atlas_tile_variant": 1,
        "frames": [
            0,
            1,
            2,
            3,
            4,
            5,
            6,
            7,
            8,
            9,
            10,
            11,
            12,
            13,
            14,
            15,
            16,
            17,
            18,
            19,
            20,
            21,
            22,
            23,
            24,
            25,
            26,
            27,
            28,
            29,
            30,
            31
        ]
    },
    {
        "flipbook_texture": "textures/blocks/respawn_anchor_top_2",
        "atlas_tile": "respawn_anchor_top",
        "atlas_index": 2,
        "atlas_tile_variant": 2,
        "frames": [
            0,
            1,
            2,
            3,
            4,
            5,
            6,
            7,
            8,
            9,
            10,
            11,
            12,
            13,
            14,
            15,
            16,
            17,
            18,
            19,
            20,
            21,
            22,
            23,
            24,
            25,
            26,
            27,
            28,
            29,
            30,
            31
        ]
    },
    {
        "flipbook_texture": "textures/blocks/respawn_anchor_top_3",
        "atlas_tile": "respawn_anchor_top",
        "atlas_index": 3,
        "atlas_tile_variant": 3,
        "frames": [
            0,
            1,
            2,
            3,
            4,
            5,
            6,
            7,
            8,
            9,
            10,
            11,
            12,
            13,
            14,
            15,
            16,
            17,
            18,
            19,
            20,
            21,
            22,
            23,
            24,
            25,
            26,
            27,
            28,
            29,
            30,
            31
        ]
    },
    {
        "flipbook_texture": "textures/blocks/respawn_anchor_top_4",
        "atlas_tile": "respawn_anchor_top",
        "atlas_index": 4,
        "atlas_tile_variant": 4,
        "frames": [
            0,
            1,
            2,
            3,
            4,
            5,
            6,
            7,
            8,
            9,
            10,
            11,
            12,
            13,
            14,
            15,
            16,
            17,
            18,
            19,
            20,
            21,
            22,
            23,
            24,
            25,
            26,
            27,
            28,
            29,
            30,
            31
        ]
    },
    {
        "flipbook_texture": "textures/blocks/respawn_anchor_top_0",
        "atlas_tile": "respawn_anchor_top",
        "atlas_index": 0,
        "atlas_tile_variant": 0,
        "frames": [
            0
        ]
    }
]