{
    "resource_pack_name": "红石大杂烩材质包",
    "texture_name": "atlas.terrain",
    "padding": 8,
    "num_mip_levels": 4,
    "texture_data": {
        "hopper_inside": {
            "textures": [
                "textures/blocks/hopper_inside"
            ]
        },
        "hopper_top": {
            "textures": [
                "textures/blocks/hopper_top_up",
                "textures/blocks/hopper_top_up",
                "textures/blocks/hopper_top_east",
                "textures/blocks/hopper_top_west",
                "textures/blocks/hopper_top_north",
                "textures/blocks/hopper_top_south",
                "textures/blocks/hopper_top_up",
                "textures/blocks/hopper_top_up_lit",
                "textures/blocks/hopper_top_up_lit",
                "textures/blocks/hopper_top_up_lit",
                "textures/blocks/hopper_top_east_lit",
                "textures/blocks/hopper_top_west_lit",
                "textures/blocks/hopper_top_north_lit",
                "textures/blocks/hopper_top_south_lit"
            ]
        },
        "hopper_outside_north": {
            "textures": [
                "textures/blocks/hopper_outside_side_up",
                "textures/blocks/hopper_outside_side_up",
                "textures/blocks/hopper_outside_front",
                "textures/blocks/hopper_outside_behind",
                "textures/blocks/hopper_outside_side_forward",
                "textures/blocks/hopper_outside_side_back",
                "textures/blocks/hopper_outside_side_up",
                "textures/blocks/hopper_outside_side_up_lit",
                "textures/blocks/hopper_outside_side_up_lit",
                "textures/blocks/hopper_outside_side_up_lit",
                "textures/blocks/hopper_outside_front_lit",
                "textures/blocks/hopper_outside_behind_lit",
                "textures/blocks/hopper_outside_side_forward_lit",
                "textures/blocks/hopper_outside_side_back_lit"
            ]
        },
        "hopper_outside_south": {
            "textures": [
                "textures/blocks/hopper_outside_side_up",
                "textures/blocks/hopper_outside_side_up",
                "textures/blocks/hopper_outside_behind",
                "textures/blocks/hopper_outside_front",
                "textures/blocks/hopper_outside_side_back",
                "textures/blocks/hopper_outside_side_forward",
                "textures/blocks/hopper_outside_side_up",
                "textures/blocks/hopper_outside_side_up_lit",
                "textures/blocks/hopper_outside_side_up_lit",
                "textures/blocks/hopper_outside_side_up_lit",
                "textures/blocks/hopper_outside_behind_lit",
                "textures/blocks/hopper_outside_front_lit",
                "textures/blocks/hopper_outside_side_back_lit",
                "textures/blocks/hopper_outside_side_forward_lit"
            ]
        },
        "hopper_outside_west": {
            "textures": [
                "textures/blocks/hopper_outside_side_up",
                "textures/blocks/hopper_outside_side_up",
                "textures/blocks/hopper_outside_side_back",
                "textures/blocks/hopper_outside_side_forward",
                "textures/blocks/hopper_outside_front",
                "textures/blocks/hopper_outside_behind",
                "textures/blocks/hopper_outside_side_up",
                "textures/blocks/hopper_outside_side_up_lit",
                "textures/blocks/hopper_outside_side_up_lit",
                "textures/blocks/hopper_outside_side_up_lit",
                "textures/blocks/hopper_outside_side_back_lit",
                "textures/blocks/hopper_outside_side_forward_lit",
                "textures/blocks/hopper_outside_front_lit",
                "textures/blocks/hopper_outside_behind_lit"
            ]
        },
        "hopper_outside_east": {
            "textures": [
                "textures/blocks/hopper_outside_side_up",
                "textures/blocks/hopper_outside_side_up",
                "textures/blocks/hopper_outside_side_forward",
                "textures/blocks/hopper_outside_side_back",
                "textures/blocks/hopper_outside_behind",
                "textures/blocks/hopper_outside_front",
                "textures/blocks/hopper_outside_side_up",
                "textures/blocks/hopper_outside_side_up_lit",
                "textures/blocks/hopper_outside_side_up_lit",
                "textures/blocks/hopper_outside_side_up_lit",
                "textures/blocks/hopper_outside_side_forward_lit",
                "textures/blocks/hopper_outside_side_back_lit",
                "textures/blocks/hopper_outside_behind_lit",
                "textures/blocks/hopper_outside_front_lit"
            ]
        },
        "furnace": {
            "textures": [
                "textures/blocks/furnace_front_off",
                "textures/blocks/furnace_front_on",
                "textures/blocks/furnace_side_off",
                "textures/blocks/furnace_top_off"
            ]
        },
        "furnace_front": {
            "textures": [
                "textures/blocks/furnace_front_off",
                "textures/blocks/furnace_front_on"
            ]
        },
        "furnace_front_off": {
            "textures": "textures/blocks/furnace_front_off"
        },
        "furnace_front_on": {
            "textures": "textures/blocks/furnace_front_on"
        },
        "furnace_top": {
            "textures": [
                "textures/blocks/furnace_top_off",
                "textures/blocks/furnace_top_on"
            ]
        },
        "furnace_top_off": {
            "textures": "textures/blocks/furnace_top_off"
        },
        "furnace_top_on": {
            "textures": "textures/blocks/furnace_top_on"
        },
        "furnace_side": {
            "textures": [
                "textures/blocks/furnace_side_off",
                "textures/blocks/furnace_side_on"
            ]
        },
        "furnace_side_off": {
            "textures": "textures/blocks/furnace_side_off"
        },
        "furnace_side_on": {
            "textures": "textures/blocks/furnace_side_on"
        },
        "blast_furnace": {
            "textures": [
                "textures/blocks/blast_furnace_front_off",
                "textures/blocks/blast_furnace_front_on",
                "textures/blocks/blast_furnace_side_off",
                "textures/blocks/blast_furnace_top_off"
            ]
        },
        "blast_furnace_front": {
            "textures": [
                "textures/blocks/blast_furnace_front_off",
                "textures/blocks/blast_furnace_front_on"
            ]
        },
        "blast_furnace_front_off": {
            "textures": "textures/blocks/blast_furnace_front_off"
        },
        "blast_furnace_front_on": {
            "textures": "textures/blocks/blast_furnace_front_on"
        },
        "blast_furnace_top": {
            "textures": [
                "textures/blocks/blast_furnace_top_off",
                "textures/blocks/blast_furnace_top_on"
            ]
        },
        "blast_furnace_top_off": {
            "textures": "textures/blocks/blast_furnace_top_off"
        },
        "blast_furnace_top_on": {
            "textures": "textures/blocks/blast_furnace_top_on"
        },
        "blast_furnace_side": {
            "textures": [
                "textures/blocks/blast_furnace_side_off",
                "textures/blocks/blast_furnace_side_on"
            ]
        },
        "blast_furnace_side_off": {
            "textures": "textures/blocks/blast_furnace_side_off"
        },
        "blast_furnace_side_on": {
            "textures": "textures/blocks/blast_furnace_side_on"
        },
        "smoker": {
            "textures": [
                "textures/blocks/smoker_front_off",
                "textures/blocks/smoker_front_on",
                "textures/blocks/smoker_side_off",
                "textures/blocks/smoker_top_off"
            ]
        },
        "smoker_front": {
            "textures": [
                "textures/blocks/smoker_front_off",
                "textures/blocks/smoker_front_on"
            ]
        },
        "smoker_front_off": {
            "textures": "textures/blocks/smoker_front_off"
        },
        "smoker_front_on": {
            "textures": "textures/blocks/smoker_front_on"
        },
        "smoker_top": {
            "textures": [
                "textures/blocks/smoker_top_off",
                "textures/blocks/smoker_top_on"
            ]
        },
        "smoker_top_off": {
            "textures": "textures/blocks/smoker_top_off"
        },
        "smoker_top_on": {
            "textures": "textures/blocks/smoker_top_on"
        },
        "smoker_side": {
            "textures": [
                "textures/blocks/smoker_side_off",
                "textures/blocks/smoker_side_on"
            ]
        },
        "smoker_side_off": {
            "textures": "textures/blocks/smoker_side_off"
        },
        "smoker_side_on": {
            "textures": "textures/blocks/smoker_side_on"
        },
        "observer_north": {
            "textures": [
                "textures/blocks/observer_front",
                "textures/blocks/observer_front_lit"
            ]
        },
        "observer_south": {
            "textures": [
                "textures/blocks/observer_back",
                "textures/blocks/observer_back_lit"
            ]
        },
        "observer_east": {
            "textures": [
                "textures/blocks/observer_side",
                "textures/blocks/observer_side_lit"
            ]
        },
        "observer_west": {
            "textures": [
                "textures/blocks/observer_side",
                "textures/blocks/observer_side_lit"
            ]
        },
        "observer_top": {
            "textures": [
                "textures/blocks/observer_top",
                "textures/blocks/observer_top_lit"
            ]
        },
        "observer_bottom": {
            "textures": [
                "textures/blocks/observer_top",
                "textures/blocks/observer_top_lit"
            ]
        },
        "trapped_chest_inventory_top": {
            "textures": "textures/blocks/trapped_chest_inventory_top"
        },
        "trapped_chest_inventory_side": {
            "textures": "textures/blocks/trapped_chest_inventory_side"
        },
        "trapped_chest_inventory_front": {
            "textures": "textures/blocks/trapped_chest_inventory_front"
        },
        "daylight_detector_side": {
            "textures": [
                "textures/blocks/daylight_detector_side",
                "textures/blocks/daylight_detector_inverted_side"
            ]
        },
        "daylight_detector_top": {
            "textures": [
                "textures/blocks/daylight_detector_top",
                "textures/blocks/daylight_detector_inverted_top"
            ]
        },
        "stone_slab_side": {
            "textures": [
                "textures/blocks/stone_slab_side",
                "textures/blocks/sandstone_normal_slab",
                "textures/blocks/planks_oak_slab",
                "textures/blocks/cobblestone_slab",
                "textures/blocks/brick_slab",
                "textures/blocks/stonebrick_slab",
                "textures/blocks/quartz_block_slab",
                "textures/blocks/nether_brick_slab"
            ]
        },
        "stone_slab_top": {
            "textures": [
                "textures/blocks/stone_slab_top",
                "textures/blocks/sandstone_slab",
                "textures/blocks/planks_oak_slab",
                "textures/blocks/cobblestone_slab",
                "textures/blocks/brick_slab",
                "textures/blocks/stonebrick_slab",
                "textures/blocks/quartz_block_slab",
                "textures/blocks/nether_brick_slab"
            ]
        },
        "stone_slab_bottom": {
            "textures": [
                "textures/blocks/stone_slab_top",
                "textures/blocks/sandstone_bottom_slab",
                "textures/blocks/planks_oak_slab",
                "textures/blocks/cobblestone_slab",
                "textures/blocks/brick_slab",
                "textures/blocks/stonebrick_slab",
                "textures/blocks/quartz_block_bottom_slab",
                "textures/blocks/nether_brick_slab"
            ]
        },
        "wooden_slab": {
            "textures": [
                "textures/blocks/planks_oak_slab",
                "textures/blocks/planks_spruce_slab",
                "textures/blocks/planks_birch_slab",
                "textures/blocks/planks_jungle_slab",
                "textures/blocks/planks_acacia_slab",
                "textures/blocks/planks_big_oak_slab"
            ]
        },
        "stone_slab_top_2": {
            "textures": [
                "textures/blocks/red_sandstone_slab",
                "textures/blocks/purpur_block_slab",
                "textures/blocks/prismarine_rough_slab",
                "textures/blocks/prismarine_dark_slab",
                "textures/blocks/prismarine_bricks_slab",
                "textures/blocks/cobblestone_mossy_slab",
                "textures/blocks/sandstone_slab",
                "textures/blocks/red_nether_brick_slab"
            ]
        },
        "stone_slab_bottom_2": {
            "textures": [
                "textures/blocks/red_sandstone_bottom_slab",
                "textures/blocks/purpur_block_slab",
                "textures/blocks/prismarine_rough_slab",
                "textures/blocks/prismarine_dark_slab",
                "textures/blocks/prismarine_bricks_slab",
                "textures/blocks/cobblestone_mossy_slab",
                "textures/blocks/sandstone_slab",
                "textures/blocks/red_nether_brick_slab"
            ]
        },
        "stone_slab_side_2": {
            "textures": [
                "textures/blocks/red_sandstone_normal_slab",
                "textures/blocks/purpur_block_slab",
                "textures/blocks/prismarine_rough_slab",
                "textures/blocks/prismarine_dark_slab",
                "textures/blocks/prismarine_bricks_slab",
                "textures/blocks/cobblestone_mossy_slab",
                "textures/blocks/sandstone_slab",
                "textures/blocks/red_nether_brick_slab"
            ]
        },
        "stone_slab_top_3": {
            "textures": [
                "textures/blocks/end_bricks_slab",
                "textures/blocks/red_sandstone_slab",
                "textures/blocks/stone_andesite_smooth_side_slab",
                "textures/blocks/stone_andesite_top_slab",
                "textures/blocks/stone_diorite_top_slab",
                "textures/blocks/stone_diorite_smooth_side_slab",
                "textures/blocks/stone_granite_top_slab",
                "textures/blocks/stone_granite_smooth_side_slab"
            ]
        },
        "stone_slab_side_3": {
            "textures": [
                "textures/blocks/end_bricks_slab",
                "textures/blocks/red_sandstone_slab",
                "textures/blocks/stone_andesite_smooth_side_slab",
                "textures/blocks/stone_andesite_side_slab",
                "textures/blocks/stone_diorite_side_slab",
                "textures/blocks/stone_diorite_smooth_side_slab",
                "textures/blocks/stone_granite_side_slab",
                "textures/blocks/stone_granite_smooth_side_slab"
            ]
        },
        "stone_slab_top_4": {
            "textures": [
                "textures/blocks/stonebrick_mossy_slab",
                "textures/blocks/quartz_block_slab",
                "textures/blocks/stone_side_slab",
                "textures/blocks/sandstone_slab",
                "textures/blocks/red_sandstone_slab"
            ]
        },
        "stone_slab_side_4": {
            "textures": [
                "textures/blocks/stonebrick_mossy_slab",
                "textures/blocks/quartz_block_slab",
                "textures/blocks/stone_side_slab",
                "textures/blocks/sandstone_smooth_slab",
                "textures/blocks/red_sandstone_smooth_slab"
            ]
        },
        "piston_bottom_sticky": {
            "textures": "textures/blocks/piston_bottom_sticky"
        },
        "anvil_base": {
            "textures": [
                "textures/blocks/anvil_base",
                "textures/blocks/anvil_base",
                "textures/blocks/anvil_base",
                "textures/blocks/anvil_base"
            ]
        },
        "anvil_side": {
            "textures": [
                "textures/blocks/anvil_side_0",
                "textures/blocks/anvil_side_1",
                "textures/blocks/anvil_side_2",
                "textures/blocks/anvil_side_0"
            ]
        },
        "monster_egg": {
            "textures": [
                "textures/blocks/cobblestone_monster",
                "textures/blocks/stonebrick_monster",
                "textures/blocks/stonebrick_mossy_monster",
                "textures/blocks/stonebrick_cracked_monster",
                "textures/blocks/stonebrick_carved_monster",
                "textures/blocks/stone_monster"
            ]
        },
        "trapdoor_off": {
            "textures": "textures/blocks/trapdoor_off"
        },
        "trapdoor_on": {
            "textures": "textures/blocks/trapdoor_on"
        },
        "birch_trapdoor_on": {
            "textures": "textures/blocks/birch_trapdoor_on"
        },
        "birch_trapdoor_off": {
            "textures": "textures/blocks/birch_trapdoor_off"
        },
        "dark_oak_trapdoor_off": {
            "textures": "textures/blocks/dark_oak_trapdoor_off"
        },
        "dark_oak_trapdoor_on": {
            "textures": "textures/blocks/dark_oak_trapdoor_on"
        },
        "jungle_trapdoor_off": {
            "textures": "textures/blocks/jungle_trapdoor_off"
        },
        "jungle_trapdoor_on": {
            "textures": "textures/blocks/jungle_trapdoor_on"
        },
        "spruce_trapdoor_off": {
            "textures": "textures/blocks/spruce_trapdoor_off"
        },
        "spruce_trapdoor_on": {
            "textures": "textures/blocks/spruce_trapdoor_on"
        },
        "iron_trapdoor_off": {
            "textures": "textures/blocks/iron_trapdoor_off"
        },
        "iron_trapdoor_on": {
            "textures": "textures/blocks/iron_trapdoor_on"
        },
        "acacia_trapdoor_off": {
            "textures": "textures/blocks/acacia_trapdoor_off"
        },
        "acacia_trapdoor_on": {
            "textures": "textures/blocks/acacia_trapdoor_on"
        },
        "crimson_trapdoor_off": {
            "textures": "textures/blocks/crimson_trapdoor_off"
        },
        "crimson_trapdoor_on": {
            "textures": "textures/blocks/crimson_trapdoor_on"
        },
        "warped_trapdoor_off": {
            "textures": "textures/blocks/warped_trapdoor_off"
        },
        "warped_trapdoor_on": {
            "textures": "textures/blocks/warped_trapdoor_on"
        },
        "mangrove_trapdoor_off": {
            "textures": "textures/blocks/mangrove_trapdoor_off"
        },
        "mangrove_trapdoor_on": {
            "textures": "textures/blocks/mangrove_trapdoor_on"
        },
        "lever_particle": {
            "textures": "textures/blocks/lever_particle"
        },
        "dispenser_side": {
            "textures": "textures/blocks/dispenser_side"
        },
        "dispenser_top": {
            "textures": "textures/blocks/dispenser_top"
        },
        "dropper_side": {
            "textures": "textures/blocks/dropper_side"
        },
        "dropper_top": {
            "textures": "textures/blocks/dropper_top"
        },
        "bee_nest_top": {
            "textures": [
                "textures/blocks/bee_nest_top",
                "textures/blocks/bee_nest_top_honey"
            ]
        },
        "bee_nest_front": {
            "textures": [
                "textures/blocks/bee_nest_front",
                "textures/blocks/bee_nest_front_honey"
            ]
        },
        "bee_nest_side": {
            "textures": [
                "textures/blocks/bee_nest_side",
                "textures/blocks/bee_nest_side_honey"
            ]
        },
        "bee_nest_bottom": {
            "textures": [
                "textures/blocks/bee_nest_bottom",
                "textures/blocks/bee_nest_bottom_honey"
            ]
        },
        "beehive_top": {
            "textures": [
                "textures/blocks/beehive_top",
                "textures/blocks/beehive_top_honey"
            ]
        },
        "beehive_side": {
            "textures": [
                "textures/blocks/beehive_side",
                "textures/blocks/beehive_side_honey"
            ]
        },
        "beehive_front": {
            "textures": [
                "textures/blocks/beehive_front",
                "textures/blocks/beehive_front_honey"
            ]
        },
        "beehive_bottom": {
            "textures": [
                "textures/blocks/beehive_bottom",
                "textures/blocks/beehive_bottom_honey"
            ]
        },
        "crimson_slab": {
            "textures": "textures/blocks/crimson_slab"
        },
        "warped_slab": {
            "textures": "textures/blocks/warped_slab"
        },
        "blackstone_slab": {
            "textures": "textures/blocks/blackstone_slab"
        },
        "polished_blackstone_slab": {
            "textures": "textures/blocks/polished_blackstone_slab"
        },
        "polished_blackstone_bricks_slab": {
            "textures": "textures/blocks/polished_blackstone_bricks_slab"
        },
        "respawn_anchor_bottom": {
            "textures": [
                "textures/blocks/respawn_anchor_bottom_0",
                "textures/blocks/respawn_anchor_bottom_1",
                "textures/blocks/respawn_anchor_bottom_2",
                "textures/blocks/respawn_anchor_bottom_3",
                "textures/blocks/respawn_anchor_bottom_4"
            ]
        },
        "respawn_anchor_top": {
            "textures": [
                "textures/blocks/respawn_anchor_top_0",
                "textures/blocks/respawn_anchor_top_1",
                "textures/blocks/respawn_anchor_top_2",
                "textures/blocks/respawn_anchor_top_3",
                "textures/blocks/respawn_anchor_top_4"
            ]
        },
        "fletching_table_bottom": {
            "textures": "textures/blocks/fletching_table_bottom"
        },
        "lectern_bottom": {
            "textures": "textures/blocks/lectern_bottom"
        },
        "crafting_table_bottom": {
            "textures": "textures/blocks/crafting_table_bottom"
        },
        "cartography_table_bottom": {
            "textures": "textures/blocks/cartography_table_bottom"
        },
        "endframe_bottom": {
            "textures": "textures/blocks/endframe_bottom"
        },
        "enchanting_table_bottom": {
            "textures": "textures/blocks/enchanting_table_bottom"
        },
        "enchanting_table_side": {
            "textures": "textures/blocks/enchanting_table_side"
        },
        "enchanting_table_top": {
            "textures": "textures/blocks/enchanting_table_top"
        },
        "barrel_top": {
            "textures": [
                "textures/blocks/barrel_top",
                "textures/blocks/barrel_top_open"
            ]
        },
        "barrel_bottom": {
            "textures": [
                "textures/blocks/barrel_bottom",
                "textures/blocks/barrel_bottom_open"
            ]
        },
        "barrel_side": {
            "textures": [
                "textures/blocks/barrel_side",
                "textures/blocks/barrel_side_open"
            ]
        },
        "bookshelf_top": {
            "textures": "textures/blocks/bookshelf_top"
        },
        "pumpkin_face_off": {
            "textures": "textures/blocks/pumpkin_face_off"
        },
        "pumpkin_off_side": {
            "textures": "textures/blocks/pumpkin_off_side"
        },
        "pumpkin_on": {
            "textures": "textures/blocks/pumpkin_on"
        },
        "pumpkin_on_side": {
            "textures": "textures/blocks/pumpkin_on_side"
        },
        "pumpkin_face_on": {
            "textures": "textures/blocks/pumpkin_face_on"
        },
        "pumpkin_off": {
            "textures": "textures/blocks/pumpkin_off"
        },
        "deepslate_top_infested": {
            "textures": "textures/blocks/deepslate/deepslate_top_infested"
        },
        "deepslate_infested": {
            "textures": "textures/blocks/deepslate/deepslate_infested"
        },
    "waxed_copper_block": {
      "textures": "textures/blocks/waxed_copper_block"
    },
    "waxed_exposed_copper": {
      "textures": "textures/blocks/waxed_exposed_copper"
    },
    "waxed_weathered_copper": {
      "textures": "textures/blocks/waxed_weathered_copper"
    },
    "waxed_oxidized_copper": {
      "textures": "textures/blocks/waxed_oxidized_copper"
    },
        
      "cut_copper_slab": {
        "textures": "textures/blocks/cut_copper_slab"
      },
      "exposed_cut_copper_slab": {
        "textures": "textures/blocks/exposed_cut_copper_slab"
      },
      "weathered_cut_copper_slab": {
        "textures": "textures/blocks/weathered_cut_copper_slab"
      },
      "oxidized_cut_copper_slab": {
        "textures": "textures/blocks/oxidized_cut_copper_slab"
      },
      "waxed_cut_copper": {
        "textures": "textures/blocks/waxed_cut_copper"
      },
      "waxed_exposed_cut_copper": {
        "textures": "textures/blocks/waxed_exposed_cut_copper"
      },
      "waxed_weathered_cut_copper": {
        "textures": "textures/blocks/waxed_weathered_cut_copper"
      },
      "waxed_oxidized_cut_copper": {
        "textures": "textures/blocks/waxed_oxidized_cut_copper"
      },
        
      "waxed_cut_copper_slab": {
        "textures": "textures/blocks/waxed_cut_copper_slab"
      },
      "waxed_exposed_cut_copper_slab": {
        "textures": "textures/blocks/waxed_exposed_cut_copper_slab"
      },
      "waxed_weathered_cut_copper_slab": {
        "textures": "textures/blocks/waxed_weathered_cut_copper_slab"
      },
      "waxed_oxidized_cut_copper_slab": {
        "textures": "textures/blocks/waxed_oxidized_cut_copper_slab"
      },
      
    "cobbled_deepslate_slab": {
      "textures": "textures/blocks/deepslate/cobbled_deepslate_slab"
    },
    "polished_deepslate_slab": {
      "textures": "textures/blocks/deepslate/polished_deepslate_slab"
    },
    "deepslate_tiles_slab": {
      "textures": "textures/blocks/deepslate/deepslate_tiles_slab"
    },
    "deepslate_bricks_slab": {
      "textures": "textures/blocks/deepslate/deepslate_bricks_slab"
    },
    "mud_bricks_slab": {
      "textures": "textures/blocks/mud_bricks_slab"
    },
    "mangrove_planks_slab": {
      "textures": "textures/blocks/planks_mangrove_slab"
    }
    }
}